id	values
731	logo_azienda_file	immagine_stampa
779	logo_azienda_file	immagine_stampa
909	logo_azienda_file	immagine_stampa
916	logo_azienda_file	immagine_stampa
743	logo_azienda_file	immagine_stampa
846	logo_azienda_file	immagine_stampa
770	logo_azienda_file
749	logo_azienda_file
817	logo_azienda_file
816	logo_azienda_file
766	logo_azienda_file
872	logo_azienda_file
906	logo_azienda_file
854	logo_azienda_file
748	logo_azienda_file
803	logo_azienda_file
812	logo_azienda_file
756	logo_azienda_file
833	logo_azienda_file
793	logo_azienda_file
774	logo_azienda_file
734	logo_azienda_file
841	logo_azienda_file
850	logo_azienda_file
794	logo_azienda_file
771	logo_azienda_file
837	logo_azienda_file
815	logo_azienda_file
819	logo_azienda_file
914	logo_azienda_file
820	logo_azienda_file
852	logo_azienda_file
843	logo_azienda_file
760	logo_azienda_file
730	logo_azienda_file
856	logo_azienda_file
859	logo_azienda_file
849	logo_azienda_file
865	logo_azienda_file
818	logo_azienda_file	immagine_stampa
791	logo_azienda_file	immagine_stampa
801	logo_azienda_file	immagine_stampa
742	logo_azienda_file
868	logo_azienda_file	immagine_stampa
740	logo_azienda_file	immagine_stampa
752	logo_azienda_file	immagine_stampa
875	logo_azienda_file	immagine_stampa
870	logo_azienda_file	immagine_stampa
823	logo_azienda_file	immagine_stampa
881	logo_azienda_file	immagine_stampa
780	logo_azienda_file	immagine_stampa
809	logo_azienda_file	immagine_stampa
741	logo_azienda_file	immagine_stampa
867	logo_azienda_file	immagine_stampa
768	logo_azienda_file	immagine_stampa
751	logo_azienda_file	immagine_stampa
902	logo_azienda_file	immagine_stampa
869	logo_azienda_file	immagine_stampa
892	logo_azienda_file	immagine_stampa
757	logo_azienda_file	immagine_stampa
739	logo_azienda_file	immagine_stampa
788	logo_azienda_file	immagine_stampa
806	logo_azienda_file	immagine_stampa
807	logo_azienda_file	immagine_stampa
784	logo_azienda_file	immagine_stampa
894	logo_azienda_file	immagine_stampa
898	logo_azienda_file	immagine_stampa
789	logo_azienda_file	immagine_stampa
787	logo_azienda_file	immagine_stampa
874	logo_azienda_file	immagine_stampa
799	logo_azienda_file	immagine_stampa
831	logo_azienda_file	immagine_stampa
888	logo_azienda_file	immagine_stampa
765	logo_azienda_file	immagine_stampa
899	logo_azienda_file	immagine_stampa
897	logo_azienda_file	immagine_stampa
835	logo_azienda_file	immagine_stampa
878	logo_azienda_file	immagine_stampa
858	logo_azienda_file	immagine_stampa
855	logo_azienda_file	immagine_stampa
866	logo_azienda_file	immagine_stampa
786	logo_azienda_file	immagine_stampa
